timestamp,title,link,vader_sentiment,finbert_sentiment
"Wed, 22 Oct 2025 08:48:15 GMT",Baidu's Apollo Go plans to launch taxis with no steering wheels in Switzerland as the race for robotaxis in Europe heats up - CNBC,https://news.google.com/rss/articles/CBMiowFBVV95cUxOUHczZXRVb2gwR3NIczdVajJwell5TG9SS2FXSjB2a2NhXzhsZVpsM2MtdEVsWjBHemJrZTJwN1V5a2xjTzNGaW9fd0gwaHBXaGdGS0dSa2NSQzZnaDBkN3NKUUNJV21GbVNwSGVqUm5nMTlTcTU3THRfaC1YRlpUOFFHTkttSlRJcmptNFp0amVJVUlwaWxSNXRWOHptTU8wOVNF0gGoAUFVX3lxTE9ZMk1UQk9UNWxyMm5wQm1tTi01eTJlTXNndktzWDdYNURtWmliWDZnNHVCbFdYVjlRbEtYQmFfaXFKMGQzaDVyZXRfdXYwQW15MXhlTi1uN0I4TTVEVENjNUREamt0eWs1ZjBnaG1vQkwwLW9JbUJkcU02OXNQSVNkaXJxWkdkZWl6c1lsR3p2ODJiMkw5eDZ0dFdPNk9BM242b191RlJPOA?oc=5,-0.296,0
"Wed, 22 Oct 2025 08:14:05 GMT",Baidu expands robotaxi push to Switzerland in PostBus deal - Reuters,https://news.google.com/rss/articles/CBMioAFBVV95cUxQUUZ6WFNURWZLSmZyVEdhbklHbVlzb1VlTlI2R1hKc0haRjR4amRFXzRWRktGaFI1c3VUSkx0c0tkZUpwQkYxSFV1YWpyYUdzcjI2Q080dUFxWENQeFR2LXNTMm9OcWxPM0U4eVFFeV9mRG55cGkwZHhuc0lFRGlVU1d0N1pneGtkWXFoeHh0VnNhdnhzU3RYdFR1eXBySTYz?oc=5,0.1027,0
"Mon, 20 Oct 2025 19:46:29 GMT","Cathie Wood Loads Up on Alibaba, Baidu -- Dumps Palantir and SoFi Technologies - Yahoo Finance",https://news.google.com/rss/articles/CBMigwFBVV95cUxPYUw0MXR2T0RDOWU1d05DQWlOSGNiNTZwdU5Majc2cGNUSTVzTXo4b0xEQklFTDA0NjJJYWNZSHF3VGRWbkZseS1OMkJhWTgxSUwzUDJmdGNpb1FYclN6bHBWWVdCYVg5RkZBcXhkSjExVGhiSDZZWGlyb0Z4Q1EyREs2NA?oc=5,-0.4019,0
"Wed, 22 Oct 2025 08:05:46 GMT",Baidu to Bring Robotaxis Without Steering Wheels to Switzerland - Bloomberg.com,https://news.google.com/rss/articles/CBMitAFBVV95cUxNMExKNlU3XzNzN2hFTDIxc2hWY2VJY09FUHdCakZITXJ4SFB5WndKMndPT1FXRENjczhycWNldUlGQ3JtODE5QW1halR6el9qQkJtd21uSXhmODNGc2hFR3lCZ3JPdzNod09KRzVnR3R0Z1hlN1hpY3g3bHR2Yml4b3lFRDZ3OTh0MDl3WHdidnNubjZ6RGJKX0V1TVFMSVZmdmNtbUFoYWJ4c1FjXzhSdWNuN3Y?oc=5,0.0,0
"Wed, 22 Oct 2025 06:13:53 GMT","Baidu: Financial Fortress, AI Momentum, And Expanding Global Ambitions Set Stage For Recovery - Seeking Alpha",https://news.google.com/rss/articles/CBMixgFBVV95cUxPQ2VReFF6OEwtTzR4OTVFWUxWMEVSRXpVWWFLeXNoMnFxV3piT3k0bWp4WjJqdTI5TTUxbXlRQmNyRllBQWJGb2htWE5JSWhreDRpQzgyeEE0SG9sYXFUSXF0MkRRZFRmZFV0WHZZaXZNWGpLelYyQTVTMEtoUGJaLTdTTG9ZSkg4R1FrZVFhcnZ3S3FxVEh1Vk9nT2JxRGZ6R0FVT3RkZTlVVGJ0ZElaSC1VczFtOVZkOUdDRHFPa0pOVDFla1E?oc=5,0.0,0
"Wed, 22 Oct 2025 10:25:13 GMT",China's Baidu to launch driverless taxi trials in Switzerland this December - Euronews.com,https://news.google.com/rss/articles/CBMitgFBVV95cUxPal9CVFA1LUp4aUVtS19jMHpZMmtSSUg2aXJuTDczWFdHbnY0djJud2dhMGtBTkRUaGJxcm5rV0M3eDlwWEJuY1BscE9PMVh3dElhbnJQeXpmTjB6S2hBcU51Zm0zMnp5M1h5czUyeE1PcmZXam5LRVQzODFEYXdzTHcxV3Nwd0c3VGNveFNickFqRmdlU09CU0dKQXZoVVMtUU55S2pLRjRuNWZUeDByNGZGeGp4dw?oc=5,0.0,0
"Wed, 22 Oct 2025 10:00:12 GMT","Baidu, public transport firm PostBus to launch robotaxis in Switzerland - South China Morning Post",https://news.google.com/rss/articles/CBMiwAFBVV95cUxPbHpxNHFhc1lzWV9RV3lOUXpUd1h1ZEhYRnVQWTdKclFEZzVLczlTRXYxdGMycFM5TXVaQXUxNHg3bjlBeC1sV3BONEN6R1Njalg4VVotcDIwdlZnaXA0ZFFtZmNMZEctTW9wTTRUOEFsZmotdUpTc3lUbFdaYy1lTEVrTVFKRjllYkZCTmFqakg3Z3cyaEZxam5DVl9mdklwWWktWWZZV28xcnYyejRIWGhYbEpCMll3WkQwclFRbkTSAcABQVVfeXFMTzZfYVc2Znh1U0YyZW1XblA5bUNIV0dieGxrRm9rMzYyXzFvSmItZURNelcxQ2lPZmxzTEtPQk15YjVXbU52SXV4Q2xHYm1DZ1U3WGFodDFOcEdNVDlkRXc4akptbWZwQmFYVzQtRnJpTGx0RjhyRHZiNVE1ZWVPVkxEUjZFak8teE1LZUt6QkVlVTF1MjNhRzRobTlpaFRodTZ2T1JzUlRiN09BMG55SlRsZWRLTnc3QTBsVDhDcmdo?oc=5,0.0,0
"Tue, 21 Oct 2025 09:11:20 GMT","Baidu, Inc. Schedules Board Meeting and Earnings Call for Q3 2025 Results - TipRanks",https://news.google.com/rss/articles/CBMiwAFBVV95cUxOeUhRalNDTGJaaXdEVW9DTjhzdGgwNU1ZOTg5ZnExV3FyYlFHVTI2ZlA3NzlDVDF3REx2aGFzREtZTTZJWFRLblB6MzQ5OVpSbC1VZ2FNRzk4NHZ3RzJMV214dDlQTHBxQ1VETEoxd1ZMSlpBRTI0NkFxWnN3bzR2UUh1WnI2cGU1eXRobHhGRGE4eDRhZEpQZlFwcWNLWmtWcGo0UXNMWnFXcmVTUGJwSl9tbmEyY2VxU1pNQ3RWb20?oc=5,0.0,0
"Wed, 22 Oct 2025 10:18:34 GMT",What's Going On With Baidu Stock Wednesday? - Baidu (NASDAQ:BIDU) - Benzinga,https://news.google.com/rss/articles/CBMiuwFBVV95cUxNYXNNMmdrNDl4d19mSTUzci1vWjZEdUJBOWRTc3RTT09tZ2daNEZzWFdkX3luYjBaSEd0Tkp6S0lhOHBoT190ZXh4ZmJXTS03ZXVFMHFBRk1EUTh5YzZuN01TeDFaV3lvNmJUeHg3eHhqV1pZNjlKc1I5Tmx4ZFBxYkQ0NVpHa2NIY1ZtSUZkSUU5M19NS3U0RkVwbDg2VVV5bEtvMm9KR2dmRkU5aXZMdll1Q25HZUtFRTc4?oc=5,0.0,0
"Wed, 22 Oct 2025 22:16:00 GMT","Final Trades: Baidu, Coinbase, Delta, SLB - CNBC",https://news.google.com/rss/articles/CBMihwFBVV95cUxQbEZ3RExyRTRuQzUtejlwUGdBV0l6RlNzekZMcGtsSnItQ1NSVHROSGVtVXhjTW9CYzNoLTRCME5NNzBnckEtMVdvSmFaWjdtWF94T2lXN25KUTYyU2tfbnZNREhLR0Jsbk1Yd2dDY0RkRjRta1dsdTY5cmszZ1ptUms3WGt5NjA?oc=5,0.0,0
"Thu, 23 Oct 2025 17:28:00 GMT",Can ERNIE-Powered AI Search Reinvent Baidu's Core User Experience? - Yahoo Finance,https://news.google.com/rss/articles/CBMihAFBVV95cUxPZmRjR2I0V0xpbjRHUnQyYzc2TjZTNUtBT085d0h1V05ZQnJma0RQZWZzUF9UczVYclZNMDFVSmFkbC0wMkl6ZmxtdzU3RlJkeVRyQUVpb1JJMVE1ZTlHcUJwTWZJanRvX3NidGtNaUlhZU9vMW9IVFh6cmVkVm9LT1JHVHA?oc=5,0.0,0
"Tue, 16 Sep 2025 07:00:00 GMT",China's Baidu soars 16% to hit 2-year highs amid positive signs for its AI business - CNBC,https://news.google.com/rss/articles/CBMihgFBVV95cUxPdV80bzA0MTRtclNiUGVCV3dRVnNUUWFBWkJ4NlJ5VllNaDZidVJxVVgyREhLVWNSUVlHTmtWS2luemlDeGk0Zmw5TTlmVEhTV21OSDAtUzVKbzNvLUNCOWZhRVAxcDROX2JJWGNUZ013QU1iMGJzREU4akJDUWk0cXpQRkFmd9IBiwFBVV95cUxPZFpzZHBPODZUWXFVbG1Nb2NjeTJsdVpTekQxbzNicDUyZDNGVkJzaGJ5ODBiM0FrYzYyQUJrQTZiTldSc3JWNWx6Y2FVRTFGSzN0OWhoanBUcUcxMjdRNGgzZGhjRE5sckR3LTB4ekV4M0ZDSkRSVElhUEtzMjFVWnhQcDZHZFI1amtv?oc=5,0.5574,0
"Wed, 22 Oct 2025 08:00:00 GMT",Baidu's Apollo Go Partners with PostBus to Deploy Autonomous Vehicles in Switzerland - PR Newswire,https://news.google.com/rss/articles/CBMi1gFBVV95cUxNMUVCV2c1TnRZUWVGSFNFWk5wZGo2TzhmNlpwRjhmQk41Ui1nX2dNMGxfSzZMSm5HWDEtcHF0UG5UamNMckJSSFRJeUNTM0FKTkpDUjhxMG9pM1c5X093SGFYbV9aRWxYZmF5UGRsMkZlOHRwZ1A5eFFZUE10NnBCd05OaEhRUHREdkw3SVlnZHp6dy1sS1JQWVJ0eXF5a2YyVURKa2xabTVEQW5YdzRsSk9TRXlWZzhSeWgxNW9Wal9YRnBfRFI3LTBVZGRPUEE0T08zX3p3?oc=5,0.0,0
"Thu, 23 Oct 2025 19:09:00 GMT",Baidu stock price target raised to $135 at Tiger Securities on AI potential - Investing.com,https://news.google.com/rss/articles/CBMizwFBVV95cUxQeTlpS3BmMnhhWUtrYXpFS2tMendoeWhaZzl1NjViTHhqTV9KTm9xTy05M2trTk1YcWZNS0ctelZrNks0ZW8zTDdiUUNteEdIMDA0N2J2Y0xkVTVzTWt5LTBsaWJNZFRMX3dtUGROZER6RWNMbGdKN2N2cWs1RGo5SmJnNnhjM0g0bkExQ2JHUENHaFk2bWpxb19IWjE3cW05c0Q0cmtrdldUeEdORjZjTmd1TEZLOWNJYVlFbi1fTURMRmU2eFJhc3FPdWZKYTA?oc=5,0.296,0
"Thu, 23 Oct 2025 09:21:53 GMT",How Investors Are Reacting To Baidu (BIDU) Expanding Apollo Go Autonomous Service Into Switzerland - simplywall.st,https://news.google.com/rss/articles/CBMivgFBVV95cUxQMGhXMjdJLWgzQThhS0xqMXA3eGMta0pLU3o5RFgyRVRva04zQWpNLUZIY2xSLUJDTWtlakM0bWNKWnNWdk5oX3Z3ak5SdlV1T0JsVnpOUmxWWmozQTE1bk9YSUI2Z0E5bzJ0bkRPU0tGQkZJcVNpelFtUzNhQ3F0Z0diSEcyQ05ZdFoyS0ttNUFGY0VOQXRLZGFqRXRLQUZEYjhXR1JzVGhZdTlDVUR4b1Bfb1I5dkV2ODF5VEhB0gHDAUFVX3lxTE1sczl4V2g2XzFzQ3BmSXl3aGtOUXlxQjRybm9QY2VXN21Sc0lCbzc0Q0dVRmNDNElIVGJFekRIOWpLWnlMLTdGRDNKWmp2Y0kzWEd2dGJOaVFzQ1A3VktiYXpsaFFVNlZDejFIWUZ1clZYWVhjbXNhYURDc1lxa0JzT1R0RENRZzRRSk4wdlZVczNXc0dZUEtuQXJyXzctZlNxWTF6SEFvT2lHek1qYnBCVjc5aWpCMjNrbmljMHRkSWxwcw?oc=5,0.0,0
"Thu, 23 Oct 2025 17:28:00 GMT",Can ERNIE-Powered AI Search Reinvent Baidu's Core User Experience? - TradingView,https://news.google.com/rss/articles/CBMivgFBVV95cUxQMk1oV3ExX1hodDR4SFkzTlZrMmFwSkNTRk8zWVZ0QW5wd1RUcEU4aDE4b3hxTWhsbEgxdlF2NVpaZFV4c3JMWV9acDlXcDRCZlVpWV9oTE96X0RmSnJhUlNxZUM3SWpfWnl5RGhZbjlpanBadUJJa2RRUDZPMC1jcXVqOV93dGtaYy1WR3F5N2dFV1Z5M2xiNnVIQWxqYzBldFN5bndMT2FZZTZxeGNSc19aM0xfVjhWc0s1aU5n?oc=5,0.0,0
"Thu, 23 Oct 2025 15:02:06 GMT",China’s Baidu partners with PostBus to launch driverless robotaxis in Switzerland - Travel Tomorrow,https://news.google.com/rss/articles/CBMirAFBVV95cUxPR2RXUkVCTnNzWFVPZHBMeHV4YWJwNUw1eFRmVG10V0Zpb2RTaFpmRmduX29PTWNLY2xEck51aFNPQnFlNmwzYW8zQk5LMGlKOUJFNnhJcUdZSGlQZzBwMHJKeEw0ZnVMaHVPMnc5cUYxSlh3UGI1bGpGd0UtS1VHVnY2ZExfLW5NRW9SNFhlMFYzUVQ3cGRWZGhPNzBJMTlnbXZXUzVpMnFhVnlK?oc=5,0.0,0
"Sat, 18 Oct 2025 11:13:14 GMT",Portfolio Recap: Can Baidu Inc. (B1C0) stock survive global slowdown - nchmf.gov.vn,https://news.google.com/rss/articles/CBMihAFBVV95cUxPRmktNDVwR0lrU3E3TlUyMXk0cUpBeU0xd0FoQ3UzNUFjbWhRSVpqbWdDRmVuQ2FfbFI4aHU1U1NCbk80X2F1eWZ5Wk9McTNjcjk0a1lOMHlLckFEaFFYM3hXZEg5bnp3dGNKUDAtQmxFYU5BV2hmb2hjNTRoZXZhQURjaWI?oc=5,0.0,0
"Tue, 21 Oct 2025 09:42:36 GMT",Baidu to launch Xiaodu AI Glasses next month - TechNode,https://news.google.com/rss/articles/CBMigwFBVV95cUxOZ3E0XzJlbm5oWXpIX3lYRE5NZHJBSjRiWm44MmJTa2tzQzBIbGc4MVBvQldheU9CdnVLMWdKMm96ZUI3ZlgxQmRVSmY2ZWdiMjlWS25LVjV2V3ZoMjR6SDhvVEVpdm5GTGpXWjRXWHo2SkRoVW1Hdk44S1MzeG1XSmYxRQ?oc=5,0.0,0
"Wed, 22 Oct 2025 10:23:18 GMT",Baidu confirms robotaxi project with Switzerland's PostBus - Space Daily,https://news.google.com/rss/articles/CBMiowFBVV95cUxOYXFOZlg5WVlaNjVWUTFISWdkZlFNVWNvMzdCMHpESlpUTnV6dExYYk9vemJTVi11dE1xSm9md1JHMTZmV1VDZWR6X2dwc3YyX0xnU3N6c2ZubWg4czZGcGRkdG52cEg3MnV1Rm12bzR2akhkREh3dXlUcnRvemw0WWhTd1dBOHRLSmREUGZjNllMY1B1enBRWnlfRmVJdUxuc1B3?oc=5,0.0,0
"Thu, 23 Oct 2025 02:31:41 GMT",Baidu And PostBus Plan Driverless Rides In Swiss Countryside - Finimize,https://news.google.com/rss/articles/CBMikwFBVV95cUxOVU5rM0ZmZHBFeVVveDJmaEtrc2Vna2M2NE1jMDE5blJkZFhsQU9XSmJrVzA5bXlPakFLOW9kWUNFdGRXQ09PZXdhajhzTHZIcTI5U3Jsd0NUb2FXanVmYklMeDRza3pmMmx3WWV0a1VsUHhpMU9WN2d1T1pEaFJzWWdBd0c2cUQ2bFAzN3J3X1c5OUU?oc=5,0.0,0
"Tue, 21 Oct 2025 00:09:00 GMT",Baidu (NasdaqGS:BIDU): Exploring Valuation After Recent Share Price Momentum - Yahoo Finance,https://news.google.com/rss/articles/CBMijgFBVV95cUxPZ3RPcnlFd0R1X3FnQlQ4QV9JQlBaSFE2ZldJWDA5YTdiVUtWOGpZc01HQzFRY25mcEJWWGFBd211OGpEcGY2SmxWcUpUWHRYRlVWOVl1MTdoaVk2aENkRkRIN3Z5TnpVWnhBc1pjNzZuNVk5c1diOXc4aE9DRlJCRUpMWkp5bTVqWUpJVjVR?oc=5,0.296,0
"Sat, 18 Oct 2025 12:30:40 GMT",Weekly Recap: What insider trading reveals about Baidu Inc. Depositary Receipt stock - July 2025 Price Swings & Daily Momentum Trading Reports - nchmf.gov.vn,https://news.google.com/rss/articles/CBMipAFBVV95cUxPai1UOTZZUmdPV25HMkpjanBvU2tkZkVOZXRpR2NlZW5VbGY2dmFOT0c5MTVTaDFwNUFuczBjX2x4QV9pN1hDSGl6SHMybkVraEhmdWdkM3JNcWpYak9OaXRtS0xjTEJtTEc2WG9lZ0RsNHB4aHhYNHhGdjd4Mk1RT0w5M2QyOXpjVGFuSHgwOHBfbkVJMDNORUdhS2w3RGREUGZwaQ?oc=5,0.0,0
"Mon, 20 Oct 2025 19:09:56 GMT",Why Baidu Inc. (Common Stock) (B1C) stock remains stable - 2025 Market Trends & Reliable Intraday Trade Alerts - nchmf.gov.vn,https://news.google.com/rss/articles/CBMilwFBVV95cUxPamdoemY0cEcxcW1sZWlkcnl2N0dfajdHWWJzRjQ0aFI3SDFfa3JLYnVNQmwwNlQwdTlSd2JUTlFaTGU0Snk2VUdKeTdhZmdnMUJkVHMyaERnNnlBV2NsRnllakt5ODFhWFlOT2ZJUTYzWHMzSnBCRHc1WGd6Y3paU2drZkwyQ0I4Zm9URzFNdHd1eWJnUUdR?oc=5,0.296,0
"Mon, 20 Oct 2025 15:19:15 GMT",Will Baidu Inc. (B1CB) stock beat value stocks - GDP Growth & Low Drawdown Investment Strategies - nchmf.gov.vn,https://news.google.com/rss/articles/CBMihAFBVV95cUxQbUs3SzdwejRoU3N0MXQ2cjdQTGh0VHpqa3I4eEJOQVFiRG9YeE9LTW5ZRVRzTE9tamJPTE54a0g4QWxsOWZHMW16NkxibVlkTEZpeWF3T2FNMGttUWJ0ZGhMLW9MRWdxSmx1X3MzdEhhV2dvdzY4dkt0Ql82eFkwV29iTTI?oc=5,0.4404,0
"Thu, 23 Oct 2025 14:57:24 GMT",Baidu Expands Global Self-Driving Push with PostBus Partnership in Switzerland - Tekedia,https://news.google.com/rss/articles/CBMipgFBVV95cUxPM1I3Vl80RnpBVkF3Q2FVRFJreVJiRTVobGZqSzVJOUJ4a25uQjRMMjI4ZTd2d0RZQU5SN3ZSQVRCRFI4dG5rQnh2Nmc4LTZPLTRkQ2dnNTJaOTZpanJVc1F5MnpXR213Ujc4Z1RoUWhJcUhONk90eUVkR1VJTUxUOGVZZnlOZGRLcTZ3TlJYbXBmSlYxcDBNRExEdTExeU1abXZJZE5n?oc=5,0.1027,0
"Tue, 30 Sep 2025 07:00:00 GMT",Cathie Wood Is Betting Big on Baidu Stock. Should You? - Yahoo Finance,https://news.google.com/rss/articles/CBMigAFBVV95cUxNQnpFWEszT2xxeUE4VDVES1oySlFnS085X0Znb09QWGdycjluYTkwbTNyMDdjYlFDSEdYWHFvc2hDYmF5X3JNVUhxZE54TWd6aFJhdGZaYllIcERNeEhyT3dpMGNFeWQ1cDAzVDRKMEhXWkhYRzBKMDVxWktTbG0tMA?oc=5,0.0,0
"Mon, 20 Oct 2025 20:56:33 GMT",Will Baidu Inc. (B1CB) stock beat value stocks - July 2025 Analyst Calls & Capital Efficiency Focused Ideas - nchmf.gov.vn,https://news.google.com/rss/articles/CBMifkFVX3lxTE9Mby03el82dkRWeWNneGU4LVJpY2xERFhiUVVxcXRNSzl2cEswSml4ZWxvbEtSWHVudkdVOVdXMlhIQnRXMFlReUkwdWJfMjBHMjVrSzVyLVlOajcwYmpRb2doeW5pb09DVm5FY3BvNVJ3TEt1YzlHeWRuT0k2QQ?oc=5,0.7579,0
"Mon, 20 Oct 2025 21:55:55 GMT",Is Baidu Inc. (B1CB) stock overpriced at current multiples - July 2025 Earnings & Low Drawdown Trading Techniques - nchmf.gov.vn,https://news.google.com/rss/articles/CBMinwFBVV95cUxQbk1QRmJJY2ZPUlFDdjVmQUtGOXBuMURqdVotdXRVeEoteUtkVGtFTHVpZ3MxeFNzT205RV92bG92cDh0YjhGc29FZjBsM2JWZE1mQVZ5LVhxdm5ZTjNWV1Q0MFJEOGk1ZEs1ZjRfOEQ2VjhZQ0V6cmJDSkM2dFFUZFZOUUNXM210TXlkZ0Zwazcxa2VjSEFXbm5ZbExQckE?oc=5,-0.2732,0
"Thu, 23 Oct 2025 08:50:28 GMT",Switzerland brings autonomous ride hailing to rural regions - Zag Daily,https://news.google.com/rss/articles/CBMilgFBVV95cUxOeVRNbnJZbUd5UXBQLXQ3QndTUm5DSFZBRExuY3hQYkcxU3p2RmZMWENOZ0VXQ3pYNWQwU1kyTVJrVmJXVG52bTRhb1ByZWtRd3hTcnZDUXhfdFlGNUhPTmpNUzRZZEVIQV9EaUxhWXhzYTctZ3hrOXNQNkpEeGs1SnlZQS13UVAwdXZqbTduQ0hEOGt4MXc?oc=5,0.0,0
"Wed, 22 Oct 2025 08:35:34 GMT",Baidu's Apollo Go joins hands with PostBus for autonomous vehicles in Switzerland (BIDU:NASDAQ) - Seeking Alpha,https://news.google.com/rss/articles/CBMiugFBVV95cUxQRkFzbGJoRTZDMUJUbmF3cVhEZEVWek16TTBKblMyQjAyck9qSWpsbTFIcC1ORkhHaGdzbmkyMlpHcWN2ekNNUTFTS1BXaWdNTVI0aEJjc1Y0dGxLa1NyemNxaE9FWjBsSlhoUEZiOUdLeEtZdmlLSTR5Z0ZOa2Z3M3k2UnVDYUwzbWhZNHpvMF9uR3ZRX1M0ZnpmNnRKb3JHRnYza0N1WU1qNkc0NmZZNFJBdHdNVkF2OWc?oc=5,0.0,0
"Tue, 21 Oct 2025 15:28:01 GMT",Baidu (NasdaqGS:BIDU): Assessing Valuation Following ARK Invest’s Strategic Share Purchase and Rising Tech Sector Optimism - simplywall.st,https://news.google.com/rss/articles/CBMivgFBVV95cUxQX2p4YkRUN3FfeF9uQ3ZHNkUtbEk5eWs4bmVrUDVFYlM4Y0JUalNKXzdWLU9pSC1iR2plTGtfQW9MUFZ4ZjJob3YzZFd5eXVFODhwYnRaWU1ZM2ZSTVhrOGpEcFk2bkdFXzd4N2d0Z3pSNF8zb01JaEV2OFRRckpiX19YVGxrdXJ1QlRZeGZ3akN6dmd4R0pFSjNLOEVlVnZKMWVGNVdkQlZsckxKeWZkSEJUVlZ0YTM0R2NrVXZ30gHDAUFVX3lxTE1Sc3laVVh3NVoycmdCcF9Yd1RRZVdpR3lSd1V5X29TWGQ2Z1V6eTREZ2otNXF1aV9WTy1xd2R0c0lCd2c3RmxOSWwtWjJ0N1hMVzFSREpsdFpvU18xQW03NEF0bDJFNWt2WVNZMTEtQjJ6elJpTEw5YmdOanlsaVc0emgxYnJLQWxvU2NqNXVzRVlRVnJaaFUwNS1PNld2WElTdWJyNHNmaVA5aGVDMk1BSHlrTG8xVDJMZXBjSGotcldNTQ?oc=5,0.6908,0
"Wed, 22 Oct 2025 07:53:42 GMT",Baidu to deploy steering wheel-free robotaxis in Switzerland - Automotive World,https://news.google.com/rss/articles/CBMipAFBVV95cUxObG1FN0tDZ1lpX1NaSV91YjROVVpMbzVCUjRXaUFHOC1MNGw1OGtmc3liRHFPS2tjcE1lWHdUM0x5NVlsLXptVlpORnVhWDJfZFkwNk0xMmhZTDg3cGU5TC0tMUNqZ2tSS0hqMTdPUW45SXhmalo1TWRldUZlSEx4cUZCVmlNVEk1TE1XR2tzV0ZCT0hHMDlVNFIzUDZGNFhDaHN3cg?oc=5,0.0,0
"Thu, 23 Oct 2025 07:12:01 GMT","Baidu’s Apollo Go, PostBus to Launch Autonomous Ride Service in Switzerland - FintechNews CH",https://news.google.com/rss/articles/CBMiiAFBVV95cUxOcWx0eGR3anNVYjY0cTlZQzZQSExrT3YtaW1DTVo5cDNjdmhTeTM2dklZOEw1SXFBLWNrdEtnVHN3R1pBdmxMcjZuaXBPWmQ4VldsSlZOcmg5NlVZVFFKd3dGVGxYSnpLbEtIV2dudG1xenpUcmppQVlLLW9XRDZxX2poZlN0YVJS?oc=5,0.0,0
"Wed, 22 Oct 2025 12:22:57 GMT",PostBus collaborates with Baidu’s Apollo Go on AVs - Automotive World,https://news.google.com/rss/articles/CBMinAFBVV95cUxNZ0lLYkt6eDQ3Vm00Ri1zWURxSDY5dEJuOEVyTnJkTlpGaTVTeE1pVXZRaHU4MzRQakhqZkVlaW9XNklYb0pQeFR1SlZ5cEsyWWd1b2pPZlJHdGVtWkZMNXRYTXZxQUNGMGhVYl9EbDdPMWdaTHV6ZUt5NVhTVm9fRXVPRXZ6clI1WW5GbVUxNmNvNFpQbFN4N0FOTy0?oc=5,0.0,0
"Mon, 20 Oct 2025 17:38:34 GMT",Will Baidu Inc. (B1C0) stock beat value stocks - July 2025 Volume & AI Driven Stock Price Forecasts - nchmf.gov.vn,https://news.google.com/rss/articles/CBMifkFVX3lxTE44TmplVjYwWWdHYlJVQ05sYzhMSjJPb05jN05WNzZ3OEZDaE1QQU9kWmpuN1NnSUQ3bTZRaGRscERuLVZDc0JIVmJiUi0yZFNEcWJISmhPOXUxc2FmZ25xblZqQlNYd0UzOGJUbjlFUEl1ZVAzVnhSM1BPTkFjQQ?oc=5,0.34,0
"Sun, 19 Oct 2025 07:00:00 GMT",Nasdaq Today Reflects Baidu (NASDAQ:BIDU) Growth Path - Kalkine Media,https://news.google.com/rss/articles/CBMioAFBVV95cUxNaUVpMVozdkhBLWxMRFIyWTdnLTh3bDlpb2lzWWJrS0NMdkQ5aVZ5U29uOUsxWjJYUFpDOGJHX0N4RmVjVFNMd21FZGdabEIxOUljOGo5TEc2Z2NKY1N5c0U1U25BdUtsSl84TmtMQ3pkNm9vaFFrTUJhZzFUSEE5Y0dfZER6bG1PN083ZHhTZThmcmZTTUtpZlphYXRMUFE3?oc=5,0.3818,0
"Sat, 18 Oct 2025 04:34:54 GMT",What macro factors could drive Baidu Inc. (B1CB) stock higher - July 2025 Summary & Long-Term Investment Growth Plans - nchmf.gov.vn,https://news.google.com/rss/articles/CBMikgFBVV95cUxNYlpBME4wdjhWRWdKMUcxc25zQTAzR0k5ekVGX0h3bXR2M3VWeTBaOWRya2dHenpwMk05UE5DVWVILWQzNXlnenZ2c1NFMm1YQWxONmpZd0EyZVlyclRZZWNqSDNoMXdXUTFXbS1rMGIzR05UUjdOb3VHUFQ0U3N1OHNqUk5nR2lSdXZHVm9fQWVYQQ?oc=5,0.3818,0
"Wed, 22 Oct 2025 13:15:13 GMT","ARK Investment Management LLC Acquires 166,088 Shares of Baidu, Inc. $BIDU - MarketBeat",https://news.google.com/rss/articles/CBMiywFBVV95cUxQbklPdEV0Y2tBLURzRDZ1eGpVQkduRlU3dDd4cHZoOWlxb2ZTa3N3ZFRZT3NRMWhNYWFFdzZQVElHU1JUb0NfNllnSFN6dHhGWGd6TmJhZDhRVHVLTExpU0ZSYUJvWFZVNjFqQ1N0Rm9WYkxXWm85cjFjU1FPUkgyc3lrby1sNHh6dE1FZ0haU0tKclBCVTFfd0laV0dTVVlhM3dMUDR5MGkwNl8xQW1LZFo2WktNb3BHcWlwdndUYXJNcExzS3BZOWpkVQ?oc=5,0.296,0
"Thu, 09 Oct 2025 07:00:00 GMT",Baidu Inc. (BIDU) Declines More Than Market: Some Information for Investors - Yahoo Finance,https://news.google.com/rss/articles/CBMif0FVX3lxTE9rRGs1ZEJwZVRTM1VqWUt0b0htbjk2cFF1WVhXdWZKWU9SUHM5aUtVOW1oMWRrUWF3TkFmcDJ2YnNEaTNfTUJHdTl4cnpYY0QxUjg2a3hlUWdRRVRVSXJ6RldrSm43VVRncTNHUllJbk1adVpsa1FuT2FacnZrUjQ?oc=5,0.0,0
"Thu, 23 Oct 2025 18:05:00 GMT",Alphabet Focuses on AI to Boost Search Growth: More Upside Ahead? - TradingView,https://news.google.com/rss/articles/CBMiuwFBVV95cUxNN1ZwLTBkSnI2dHF1ajVXa2U2Zk1KNFNtU3BpMG9jYThzWGZ4VU1STWZSanFhSFR5RXd0LUYwWjFmSG1nRjE3ZEsxOWRFd21nMTVVYmJzdDFTckVwQ0h3dXF3dW9pTThQUHpudy1lclBSNnU4RXFvTTV1al9hdTBzdlVKc2c1b3MtcWVmYzVvUnJ0c1J0bkk3LTlZdzhtVG9mMTVRRjNZNGJnRXFiM3RWMzJNYlI0WjBsSXJR?oc=5,0.6486,0
"Wed, 22 Oct 2025 08:57:54 GMT",Baidu Apollo Go to deploy robotaxis in Switzerland - CnEVPost,https://news.google.com/rss/articles/CBMiekFVX3lxTFBvOFd3Y19FMDBuWVZyU0hFcFcwVGo3bDNFSTFrcEFwUHMyc21DMDlmdE9MU0cwT215N2JablBibnY4NkZVR3BMY2ZQSWtRUVdHQ2duOGFRZS1nUk1zU0dNODFPNGkzMDJhT2RleDlVMWRoV1F4clJtN1pn?oc=5,0.0,0
"Tue, 21 Oct 2025 09:00:00 GMT",Baidu (NASDAQ: BIDU) schedules Third Quarter 2025 results; earnings call Nov 18 - Stock Titan,https://news.google.com/rss/articles/CBMiuAFBVV95cUxNM1otdTYyZDdQRjVOLTZZNXNvQktrVmxhd1kwaTY4Qlg2aTBQZlRsV3lGbHVlaXk3WkliamtrbXVQS1hZaWFSVVU4SFhtVnd2MzlOU2VuN3FBMHlVN2hXNVF4SGYwZGZvb3lnWmVnRGFLMHRXemQ4RG5MSTZLZnhVemNLSzNOdVRfZlpOVGJORHNpSU03b2hVajFnSjRycVNyR2U4TFdQSVBjMzRyeFRWR04zYkpXcGVt?oc=5,0.0,0
"Wed, 01 Oct 2025 07:00:00 GMT",Baidu-backed drug discovery start-up Biomap challenges Google's AlphaFold - Yahoo Finance,https://news.google.com/rss/articles/CBMihgFBVV95cUxOQ0p2NF9weXZidU0ydjJLM0xQSWs5VUJma3VZU1ZDUjFiN0hZdFhUQmROZS1lckxlc2hESldTM2lVSWluUmJCM3lPS2h0M1JKclFmY01xMDhVakhNQ1cxVFVJaTgySnVwSlNLZ2JhX0hfZl9LcEpPdW5QQlVWUjlUWlB4Qm1xQQ?oc=5,0.0772,0
"Wed, 22 Oct 2025 08:00:00 GMT",Baidu (NASDAQ: BIDU) and PostBus to launch AmiGo in Switzerland; driverless by Q1 2027 - Stock Titan,https://news.google.com/rss/articles/CBMitwFBVV95cUxNTE13UXRiVWlwR2pwRHFMZ3BjN242NEF0dUV6U2hpUnpjc2dwM1VocHYxZDF3OGdWQlFoT3FxYVJKRUEtdHFTYmZveFl4ZURBOWRQbWpsS01rdWt3MVdVUzNWcnlJdkJkVko3YUwyaFBJeWNzaTNQTi1rY25CUnpuV05yVFBmM0kyTHBTeVdoUllFR0hTUWlkanJYVFYzYWw5M2x1bkJ4cTlUVXRmMU9RaFFMbXBSeU0?oc=5,0.0,0
"Fri, 03 Oct 2025 07:00:00 GMT",Baidu (NasdaqGS:BIDU): Assessing Valuation as Apollo Go Secures Dubai’s First Autonomous Vehicle Trial Permit - Yahoo Finance,https://news.google.com/rss/articles/CBMijgFBVV95cUxNTWtrMml1V2t5STVYbmNEV3h2aG1VZ2tjYi1nRzV5QThDdks1MG1OeGhTWHlXdG1EUWFjTVdtaXBRVnhSd2pUTm1FbDltc0ZMSHlNRS1vR1UtRlBxQ1BNaVVFR2Z3RFJDU185dEFEbzFRU1F0d2dHR1IxTzJ4QVJYWHU5ZjVRLVhZcm1URTdB?oc=5,0.3182,0
"Wed, 08 Oct 2025 07:00:00 GMT",Baidu (BIDU) Is Up 5.4% After Securing Exclusive Autonomous Vehicle Trial Permit in Dubai Has The Bull Case Changed? - Yahoo Finance,https://news.google.com/rss/articles/CBMieEFVX3lxTE9lVElaYVI3eGs3eERlS2RrRnRlclFXNWU1QWdLbFJjZFdLYjNVZXFPMjdDaXB4SS1HOV9jTVotTFU4NXFLRVUzc2VuRmsyZlR2ZDU0Y2Y5SEctc1k1SlRBcUpPRUdZdjhycjZSYVdIb1Baem5DY0x6aA?oc=5,0.4215,0
"Tue, 21 Oct 2025 07:52:24 GMT","Baidu and Alibaba Set to Enter Market, Intensify AI Glasses ""Battle"" - 36Kr",https://news.google.com/rss/articles/CBMiU0FVX3lxTFB1aEJieVc5QnlJdHVmbkhOMDhpUU90eHhEU2diWlgxVG01S056UTlaUVkwbUJvcVZPT1BWX2JKd1loWVlWMGVRVFdDdFVEMzd6T0sw?oc=5,-0.3818,0
"Thu, 25 Sep 2025 07:00:00 GMT",Chase the Surge in Alibaba or Baidu Stock? - Yahoo Finance,https://news.google.com/rss/articles/CBMigwFBVV95cUxOdzh0SjR5WHpGaC1BQ3VOWmdtMnN6YWZfdGVxSEJIUVdyV1k0TnFDWVJhaDFCUUgtZW4yaUZINWtCaEc0UHFOVnU3Z0dXZVFmQ3lwS21Oa3d5b1F4anlUYzZvNTVGLUdXMzFoUmNiZU9HUlRUbVdyXzljQklCd3E4S0pUVQ?oc=5,0.0,0
"Sat, 18 Oct 2025 03:16:42 GMT",Will Baidu Inc. Depositary Receipt stock benefit from AI adoption - Trade Analysis Summary & Short-Term Swing Trade Alerts - nchmf.gov.vn,https://news.google.com/rss/articles/CBMilwFBVV95cUxQQjIyVU1kaVllc0RLYTZtVE9uYlVMNnhzQ3J0S0M0Q3ZabWxDSHNBSWhBVnctV2hwLW1rem5tR0pqdVJtc0tULXdENXZBbjh1bUJxR3hVOFV2U25YUFBrUDNJcFgyb3R6Ymp2YWVPWlpaNEg1Y1c5RXFEREh1T2d0OENfR3U0YUQyVHJSNGxKSWRPdjIyZF9N?oc=5,0.4588,0
"Mon, 04 Aug 2025 07:00:00 GMT","Lyft, China's Baidu to launch robotaxi service in Europe next year - Reuters",https://news.google.com/rss/articles/CBMiwgFBVV95cUxNZHB6ZG92cWw3Q2lRMWtlM3pKaDBRSWk2cHZEWUFVdVExZmRtRVh2dTdtcDhOdlRCWEo5dFR6cUl0Z1NneDV6YXNaUEJRYURnZXdZTlBRRzRraXdBNEZMX0NIRmVuSHlHV0tZNnhfdDRublJMQmpDc201aGdDSEpWQUdfaFktTHVpOVR1QjRkaHZ2TElVT1Y2OGg1eFJUVmQzRnpjODQ5XzhjUk5ld0Yzak5oUWRBcmY2T2VZNm5OUWRaZw?oc=5,0.0,0
"Wed, 22 Oct 2025 09:09:56 GMT",Baidu To Bring Apollo Go Autonomous Vehicles To Switzerland With Swiss Post Partnership - Stocktwits,https://news.google.com/rss/articles/CBMiywFBVV95cUxQSWJvbkl6bmhOc2lsUE1kMGRJZ3VzYWxfN2w4Si13aE1jNkFhMm4wcUNiYnpsQlBjb0J5Qk5hMzNrOGJkckNhaGpwcW5VRDRsSWhMN1p1OUg0ZllzR3Rjd0ExTzhveGlZY044MDNGV3ppekk0LW51U29rb2VvakxUZVR3T1BGLWlpeHQ0Mk1QZkVKU05IRTlQdDFWaWIxR2gwTzVuTlRZd1ZCWUpCVW15c3VOZEtZLTdfRVJ4Zkx3TTZNRF9jVFA2SEl0RQ?oc=5,0.0,0
"Tue, 16 Sep 2025 07:00:00 GMT",Baidu's AI Buzz vs. Revenue Reality: Time for Investors to Cash Out? - Yahoo Finance,https://news.google.com/rss/articles/CBMie0FVX3lxTFAxWThGTzNKT0dUcU1FeEE3cWxnd3BYWF84a1hqRzZTXzNsMHhQN01WNlU0a2lWb3otYmR1TVBaZDVMNks1YnZVMkRVNHEzNWFiWUdDa1d2bk4wcXBBQVdmWmswR3FBUy1KOGFUelp5aWJtdEdXOXE5MUpfaw?oc=5,0.0,0
"Wed, 20 Aug 2025 07:00:00 GMT",China's Baidu revenue drops as AI returns fail to offset ad decline - Reuters,https://news.google.com/rss/articles/CBMiuwFBVV95cUxOcDFJbS1LN041akdZc3hmX3dKd2hmZ2dmRnJvQXdDSkJLMlJOZUNrWVlxckZJWDJ5bV93M1pfT2J2Uk5QM2R4TkhDc1ZUZ1BvTFJsTWZUekY1SnBERjJNd1R0M0dnbFJNRDFfRlJhM0V1RXJpWE9mS29aenBfVExiOUs4VU9jcnpVT0FPZ0VnSDNOWEJRaGRyeHFyRkRWUmRnVUpEcm5TSFpjZ1UwOXBEbVZUcDJ2TWhhcWJB?oc=5,-0.5423,0
"Fri, 17 Oct 2025 13:16:23 GMT",Risk Check: Why Baidu Inc. (B1C0) stock attracts HNW investors - Inflation Watch & Long-Term Safe Return Strategies - nchmf.gov.vn,https://news.google.com/rss/articles/CBMiiAFBVV95cUxQTGNTU0Z4LURMQVNneS0tWWl1VjQ1WjdtNG5OVjRFbm1KNWY4eW5IN01xblB3dDVXVkhDc3lGN2FuTXRPbElZZVpOTzFfenJBWGYySlhkRmFPTUZIS1VyTFZSbFR1YWpwbERVWWlHcWlVX1JXV0hTWjl0ZGgtUDRqbGZIZmtLZkZ4?oc=5,0.5423,0
"Tue, 21 Oct 2025 19:15:00 GMT","Analysis: AI Chips, Cloud and Robotaxis Offer Baidu a Second Act — at a Cost - Caixin Global",https://news.google.com/rss/articles/CBMixgFBVV95cUxNOG00NnJZQmpOdXBaaGNpcGdXbWxoSEZOM1dueGhZUHR5aVdCdVV4YkhuVlpTTzFPUFYwWnFSR2t2WlAtbFJXT2g0WTNBT2gwUEtveTRpTjJiNlZsSkcxSzJFSU53WklhYy1DYkNyUDFMYTdNa3pqS3dabmlibVpQLTdOUFZHYlp2c3VVMGNtaTliTWFiWmlIX1VTVExoVk9WTktVa2xObXpxenE0SDVuX3B1Wi1iZDFJSEF1bmZrdDBzMENWSHc?oc=5,0.0,0
"Thu, 16 Oct 2025 18:41:00 GMT",Can ERNIE 4.5 and Qianfan Cement Baidu's AI Cloud Advantage? - Yahoo Finance,https://news.google.com/rss/articles/CBMiekFVX3lxTFBJdXdEY19RNUNGQVN1Unh5UW1JNFRoUEhNU2tteVdPdC1IbTB3WUZTNnNhWDZ4VXQwaDA1VXI0M2dlZUZzNzRkN1JMak54dVpOcFZrbGVSVThBOUJ6dFpwN0F1VXZjRlltWUNGdkE1UC0wQjBJVjFTcE1B?oc=5,0.25,0
"Wed, 15 Oct 2025 21:45:02 GMT",Baidu Inc. (BIDU) Outpaces Stock Market Gains: What You Should Know - Yahoo Finance,https://news.google.com/rss/articles/CBMigAFBVV95cUxPVFRHcUJyRlh0U1BfRjRjVFdEaG05VWRMYk9GMWxodTMxeWhpQktTWFh5NmVodzBzSXQ0aVU2dTYwNTBJY2ZUeE4xeWNjTUxDbzByQVFqZEpIWEozNTdJd0RYMndQZEpFQ0FsUm1HOG5WWXU5Qi1fbUVjWnVhMkZzWg?oc=5,0.34,0
"Wed, 22 Oct 2025 04:08:33 GMT","China's AI glasses are prototypes no more: Alibaba, Baidu just made them a market - DIGITIMES Asia",https://news.google.com/rss/articles/CBMiqAFBVV95cUxOaExrWW9ueDhmdGE2d0k3UXEzMkdGa3NKb2RETjdrckE0eG1mZTBkUWJXS0NUUDZCeUtyUHE3ZGV2XzhGRTFMVzl0SnZrRkJTeXJscUh1TG5hMy1pYzhPZnROYm1ZRUUtRnRjWTQ4V2xENHg0OVpqYXJZNHhnUXBIUFpseTVTSGJjdXlocWFIMnlTTXpVa0RkTTJyb0NBcHRnMUs0UFJ4TGw?oc=5,-0.296,0
"Fri, 26 Sep 2025 07:00:00 GMT",Baidu Wants Driverless Robotaxis in Dubai by First Quarter 2026 - WSJ - The Wall Street Journal,https://news.google.com/rss/articles/CBMiowNBVV95cUxPbmNTUVYzWndFalZwOWpiVzRnUEJuZXRHTzJPUzBWWFlEbDctbUQtN1d2b3BrY3lvMDg3aHJCVjFZQzZ2Qk5jOGNDN2tCVUY3Vzg4T1d2UjJfcVhyVG13WlBHRVdBLUZnaFYyTFdOYW01ZTZiVEtyQzBuRXdZQ0FNeFBwT1g3WEFDc1U2V2RpOHQ5UDRGaU53Tnlaa1hjcnVpcTFZNkN3c1ZTNHNfRFVXWDJlYmFyNEQycjJmOVhWTy1tMTF0OXdRUFdVUFZKTkNrQ1VkeDBaSGR3N2hrY3R0YVVTREhRR3NjYVNZd3AyaTNaTm5PdjBpMmI5aWpOVXg0b3AxVHdUc0dLLUZnYlVackdzWFZfNWFicVpId19DTF83bnV1QVAtanNFdm1uMldXQXNSM0VFYk9YWkNWdlpFcDJmWE5iNWIxdjdBUjNJaV9qbDBxNnFIN1dFR1djRUxOWWRJZ3RnMUFxeEtNQ0xCd29seXdnNTVGdEJzdUdaNTlIZFdabmVMbHN0Ym9hR3JvSFZmcWdKWFVtQndaNlNyX3BrZw?oc=5,0.0,0
"Tue, 21 Oct 2025 09:00:00 GMT","Baidu to Report Third Quarter 2025 Financial Results on Nov 18, 2025 - 富途牛牛",https://news.google.com/rss/articles/CBMiogFBVV95cUxOQUtadHBsblIxcjYteGU0c3Q1bC1uQnhHTEtGNUtyVjVZRnp4a21VbVYyTHNKenBFNE5SMW9IX1FWSUQ1ZElTbjhqZ1F3SHRmS1ptOHVuZFk2WTIyUUU3ZUpjd29wVHVzdXQyUTl6a1lzOUhZMUVTWFQ5N0dPa1ktcnNvZTZaYXVtTnRnOE0yT2l0SnhSZDdpamRkZXVLQjBvV3c?oc=5,0.0,0
"Thu, 23 Oct 2025 06:02:08 GMT",Baidu launches driverless taxis in Switzerland - MarketScreener,https://news.google.com/rss/articles/CBMioAFBVV95cUxOWWVyOGZQdzdOWkxUSUVIdkpPX0VtMHgyRUZ0Mk5Ma0c0TGNPdGdlSmMzUXVkLUZwZXctUHJRN0djbVEzM04tVG96WVF6TmdOdHlaWEZ2UXBUU1VkZUhyQWNnTjZVc1I3X2g1ZG4xaHgxcEhaUUZucVpyOTFuTDdLUk5mV0R6OHVKNGlGeGZKWDdSX2lrTGxaaDBIaU1FSVVz?oc=5,0.0,0
"Wed, 20 Aug 2025 07:00:00 GMT",Baidu's AI Cloud And Robotaxis Become Growth Engines As Ad Business Slows - Yahoo Finance,https://news.google.com/rss/articles/CBMihAFBVV95cUxNTzlGWDlzYVZ3S04xWXJ0MThOdVZ4TkxlVTVCT1RDN3RwT2Z3b1FRd2VfcExoNHJPVGZXd1E1TFNub2RXaExoY2I4M1QzUFlqZmhPNmxINHFWOHlDel80NEdIamNqblM5bTRDd0pFc0tSWUl5eG4yZGpNZmFUSkt6NHFZNUU?oc=5,0.3818,0
"Tue, 30 Sep 2025 07:00:00 GMT",Baidu (BIDU) Stock Target Raised to $150 as Investors Reassess AI Growth - Yahoo Finance,https://news.google.com/rss/articles/CBMiggFBVV95cUxQZGxidlExMy1vQWFjZFdJSUtCMGdjQW1Ndkp3YTc5ZmFfMndjMExYTmVLOG9jVVRXY2l1MEtnbnhseGtzRlBBNjUyOEY2VDVJVGk0Y2pMYlMxbVRfZGFTVVlpSXd1SkVheHFXR0c1Z1FQUlNsWVR1UnlpcTdCV2pnaExB?oc=5,0.3818,0
"Wed, 22 Oct 2025 09:03:48 GMT",Baidu’s Apollo Go Teams with PostBus to Launch Autonomous Driving in Switzerland - Pandaily,https://news.google.com/rss/articles/CBMipAFBVV95cUxPcGt3WjktTk1PeVBRZ0pVNHYxandwcVhvdXFVSjQ1a0pWTkpvY0VNM3pKUmo5VUJiWFVMeUtIX3ZQRHd1Qmg3NmhFYkZNQnAtLW5EVGZjcmV5UThnajJrUzJXYjRTTFBpT09oUW5Yc1JPZG1IVWZEVllPNU9ueFdGY0d4bWhsX1g4eUt1QTRtR2VZcV8ta2xzRURsbXhSek1OSGR6Rw?oc=5,0.0,0
"Tue, 30 Sep 2025 07:00:00 GMT","Baidu Stock Is Up 50% In A Month, And It Is Still A Buy (NASDAQ:BIDU) - Seeking Alpha",https://news.google.com/rss/articles/CBMilgFBVV95cUxNMmxubzl2c3k1cGpLVDhXNHhuTExYelVSS2ZrREZDMl9adTNWcXduR19sV0JMZzd2dXR6dXNmTml3N2h1bkFSUkREM3pVd2dwSXpIR3RDMzRFZkh5ZE5kM18xTlB1NFdVd2FLWG1PTjZsTzBUbHhDaXpvVkJveEhyNG8zX0doRHV6VWJhY3A1cHN5cnBpN2c?oc=5,0.0,0
"Tue, 16 Sep 2025 07:00:00 GMT","Baidu, Inc. (BIDU) Is a Trending Stock: Facts to Know Before Betting on It - Yahoo Finance",https://news.google.com/rss/articles/CBMigAFBVV95cUxNT0I1akpHZHF4ZGxTcEl3RnJBR2tuZzdKdmtkY1luTFNOUTdSeVhLeS05dnJKb2tfVC1NWm5SZllqUmFBWDUyZ2ltOWoxaF96Z1hHTlpVb0FmbzdFMFBucUw3NmE3cnZVazktNTVZZHJSa2ZRNXgwRXQtc2dRa0pFdw?oc=5,0.0,0
"Tue, 21 Oct 2025 23:01:50 GMT",Baidu Inc. (BIDU) Stock Moves -2.44%: What You Should Know - sharewise.com,https://news.google.com/rss/articles/CBMitAFBVV95cUxOZ0ZXMXlNOWxTZVZoT2dKUG10Rkl4VGFJa0ZQSGJZc0tuM0NFSk9pMHdqNEhXOE1QSG9fQ0h1a2FydS1WbGJLUEhWQ1RvV2NPNHpKWmdPM1RmWnRocVJFRFBDWkZ5bHpFd3ZLUWJJVWoyaTdIaVFZRGVTck9kYzBScUJrYWlJMm5NWTR2cTJybFdFX3BkZm1aWDAyS0UwZERWZXA1QWo4ZVV1NW5EUW5LTHJoaGE?oc=5,0.0,0
"Wed, 22 Oct 2025 12:00:00 GMT",Global expansion accelerates! Baidu to launch Robotaxi testing in Switzerland by the end of the year. - 富途牛牛,https://news.google.com/rss/articles/CBMiuAFBVV95cUxPZkZUTDhDVUlkVTZMTWNCcHgtRjRpSmtidHBwS3ZhT005TS1ycnF1djdtMG1iWEoyZG9wMXRnN3hiN19QQmtSLVk5UnVQWkQ1RnRscm9zMHk4ODIwMFFLSmt6MXRQRXhPMFlMazZBVnVJRTNQX2cySDk4TE5TOFJjMHpQYjJBLXRZal9ldGFxemRZTnpGbDFhX21zR1VWdlc5aG43Ul9lWjhnZUswbmhYYlIyZktrSkR6?oc=5,0.0,0
"Fri, 09 May 2025 07:00:00 GMT",China's Baidu looks to patent AI system to decipher animal sounds - Reuters,https://news.google.com/rss/articles/CBMiuAFBVV95cUxONWZMeDNhNkJJVUFWZ1VCZjVhalhvcjBidm1PQ0Uzd2Rob3M3cEpXaWREcTlYdHhFUG43eFl2dC1GMURUMG94dklMRnBnUGM1bmZNRnN5Z19hSmZlN0xQODNBUUNBWlJVVnd4WjFvbldNMko0V2hWX2xYOFNJUnlsR0RVWE5EcFpoTWV3NWxaa0pRZEVZUmdLTkdvdlZsWm1WS0NsMjE3YUVGLXZld1FaOUVtME94U3J1?oc=5,0.0,0
"Thu, 16 Oct 2025 00:02:58 GMT","Cathie Wood’s ARK ETF adjusts, buys Baidu and Alibaba stock - Investing.com",https://news.google.com/rss/articles/CBMitAFBVV95cUxQOWFXX2dJUTVXNDFfbldrSy1rNDZ2YTZYYnl1dzFyQm84RFJ2dXRicHNFVFlNa0JzT055UmFxWUFwZHFWWkk4YmFMTW5KRUtmbzZCbThfYW14M0l1RkhWakpIQU5VcVpmTHhHUk9CaUlkWkVuRW9ScmZGd09CRXNQcDk0MTVfSVFUSXVzTEozZmRJTi1KcmpxLUJzNzdRbzJubzZmRGJUdmtjOEpsZGh0MXlXZW0?oc=5,0.0,0
"Thu, 07 Aug 2025 07:00:00 GMT",Baidu Plans to Launch New Reasoning Model by End August - WSJ - The Wall Street Journal,https://news.google.com/rss/articles/CBMinANBVV95cUxQNWdzYjZDX0JmNHZUX3QwSkg5TU1nRUVobWFoVFdXUUlDV3c1T2Y3MTMweGNhal9qb3o2VTEwT3RTdnBfaWVOVk02UmlYZVhFdDlVdmRENzBuenp6Mlh6bUFwVHp1MVB0S2ZXTUpvUHMzZFlremFYODlPOXVWMDB2ZVI3MEpRNlhTRkZDaDhfRTBERFA4c21tNHdvLUZSTWdMWjJpcm85b3YzM2UwMDJSVFFZd3dtZHp3MEEtVTg0dlhzdXhsYVRldDk0VXpHaWM2Rl9DbTlLLUo5WXlwYlhGU09SMmpXamdJS0pyTnVKWE92R1J3RlpINEZqRlE0WktDa09IS2Vka1hHYzFmcW9VNGVwSlkzeFEtVHpTUVRPNFFOMHNnX2JwSEdLeUpQS3gwS2JtWk51dGVkTkphbkNCVVl2dnpwaHNXcUlJU01kenFHTHZYRjFJazJyeGJuTWVweklUMXdNWEhyVGhwZlNHSExNcE82a0xCejhRN0ZabmM1OGl2WHJRdlY5VERSTzlzcDNIeVY1djk4eTN3?oc=5,0.0,0
"Mon, 04 Aug 2025 07:00:00 GMT",Baidu plans to expand its robotaxis to Europe with Lyft deal - CNBC,https://news.google.com/rss/articles/CBMingFBVV95cUxNMVBfNVVQRldLYnlmLWVYZlB2VUZ0QV9MVGhRc0FRMDF0amFEdkM2YjZGVzlwMHNRV1JKVGhqeFN5dVN3WGFMVDdsWTNjTkFNdU9CejZ2VzVnZ0UwQ0JlZWkybkNXeXNVQWNXRDB1LVBWY3FPck91d2RQR0FhN2ZrN1pqRlkwU3hGZ2tpUzhNWHRKNXIwSGVXc3NrNEJkZ9IBowFBVV95cUxOZGk3TF9FemlMYTd5NjdwNmFqYnFtb3FNQ3UtNnpWdjNZV2ZXbXZEWWFyaTlERXV2VHR6RnljTnJzc2ZLR2d6cm1uOW1yTGw3cTItLXNMbDQ5cy15ZzFjclhBMEZFa1h6cERJYlhLTzhzSzhLekpWOHpSc19LS3ZkZm1vc1Frc0ZGSVVLamZWQ25LeVdlTWZYSk11Y3N3SWRwd1Uw?oc=5,0.3182,0
"Wed, 22 Oct 2025 08:37:06 GMT",Baidu expands Robotaxi service to Switzerland with PostBus partnership - Latest news from Azerbaijan,https://news.google.com/rss/articles/CBMilgFBVV95cUxOMFVWUXpWRHFwZEctUDFCTnhsazM0Z3VBZHdvRHVfdEw4S2JZZkhvSUcwYXNoLUs5MmY4S1hDc0RFR0RocElYUzREanlYU05RanRrS3JOSHFxVGFEeENITzBzekJTRE9pb3Q2V3RuNjdfU3g0T2JlZVNiSHVaVDhfUUQwT2dkalpMdzFidXdNN1FqTEx6c1E?oc=5,0.1027,0
"Thu, 11 Sep 2025 07:00:00 GMT","Alibaba, Baidu begin using own chips to train AI models, The Information reports - Reuters",https://news.google.com/rss/articles/CBMiuwFBVV95cUxORGhaa2s0NFhDU0dmMk10bTc1RVNKc1lQTG1sRTlVVzZISmg2d09VWDgwOUpxOWhvUkQxcldoZ3dSMjNuN1lrVWgyRV9QNV9qeFhsYkZDTEpFaHlGMHRCM2JneXJKVnlhRVBZNExaaHN6YUpIUm1xSHVHT1gwaWs3V0pzdkJDQV9fcUEwM1hJcHBJdFA1VV9WWS1uaTBmM292XzlGU2NpT0tlY1RucGVHd0FZMUk1QVdBakhF?oc=5,0.0,0
"Sun, 16 Mar 2025 07:00:00 GMT","Baidu Unveils ERNIE 4.5 and Reasoning Model ERNIE X1, Makes ERNIE Bot Free Ahead of Schedule - PR Newswire",https://news.google.com/rss/articles/CBMi4gFBVV95cUxPTWoxZGhCV3lPeEVCeHdvRTYxSG95WW1CRGYxankyNjNab1k2QjJjZ1o0NWpjOGMwZGsyekJmMVQ3akVac0J3dlIxV1JOV0U5ZnVvcGJ4RFctR1hfNk5XNDFPQkJDb2tWaWxkMGFEVEFaaUxadkk2TkQ3QjRScHZaOFg4SlJmTVVLeUZpbkxyVWJmVFBWUm9XWkVRX3VTNC1ZTTVvcDZ6dWJmSHktMVloYzRnZHBhOFRFTTJVc0w5enBiaWJCajR0VlhfSThJRUxUOHhaNU5sTXg3QVR3UnF5Y2JR?oc=5,0.5106,0
"Wed, 08 Oct 2025 07:00:00 GMT",Can Apollo Go's Global Expansion Power Baidu's Next Growth Phase? - Yahoo Finance,https://news.google.com/rss/articles/CBMihgFBVV95cUxNNzhYYkFsVlVrU3NzMHJVMll4ZVJMU09HdEdZWUlRQmF5TTZLYnVlZnpoanVCNllxeW5HejVyQ1pqQmp2eVRNem92d1QwXzhjRGVuUlkwVHFYWHJEZHhIM0xaN3duLVVubVBoREVLY0NlRVFNTjlmMlQ5QjZjZExDUWk2ZXJZUQ?oc=5,0.3818,0
"Mon, 04 Aug 2025 07:00:00 GMT",Lyft Will Use Chinese Driverless Cars in Britain and Germany - The New York Times,https://news.google.com/rss/articles/CBMiigFBVV95cUxPVGZnX2NOSDRKekRad20wRHJXSEpOOUJTODkyNk9KY2QwbjZJb2dWWmJCM0JCS1N1YWZSSkZLTG1qalNmMzBYUHZXMmkxRTdraEdJd1k4X1h1OVR2YTBtd1ctcUR0bTFJa1dsTDdtaXZ5cUdCcm1sVzJHVGRLcHJhY1VHa1R1RGNwZEE?oc=5,0.0,0
"Tue, 26 Aug 2025 07:00:00 GMT","Baidu, Inc. (BIDU): A Bull Case Theory - Yahoo Finance",https://news.google.com/rss/articles/CBMiekFVX3lxTE1XNHpqN1M4SW1ocG95azFlbnNzd2liVmU5ZTFnWjcxbUItUGY3MkJqQzcwRWVVcGdZUWl5UGdhTlVhR04tVGcxU1IyeFJ1am1MYUZPUjFwbXZzTHJ0RGtzVHMtTkJmNFFsVVlVeUFTS3hHRk96MFFfbUtR?oc=5,0.0,0
"Fri, 10 Oct 2025 07:00:00 GMT",Baidu vs. Meta: Which AI Powerhouse is the Smarter Buy Right Now? - Yahoo Finance,https://news.google.com/rss/articles/CBMifkFVX3lxTE9udi1mTUFQQy1EdWZ5czdnOVRXYy1ncjZVQm9XdjJ4VXNQdXpUSlhlNHotRG1ya3NBUUc0WG5mOEhLdVVoZDlxRTA4aC05Ri1aQmtOV3pPX3RTRjhLa0hmVjBFUXNtdmgwZnhMNkFxa3gwRi1Yb0hXOFE4bzlnQQ?oc=5,0.4588,0
"Tue, 18 Mar 2025 07:00:00 GMT","Baidu, once China’s generative AI leader, is battling to regain its position - CNBC",https://news.google.com/rss/articles/CBMirwFBVV95cUxNLWhVcTlUR3F6LXJ6NHJ0djlpQ3hTdklFR0hmNHVHQmtjUVdjWHJRRkFvSTc4anZUQ1dxSGUyWTlQX3MzLVZKVlpHZGNhZ3lBWHhnYWY1aUhvd0pkYk9qRDFneGpfOGZhN1dFckhabkczN1lpbkwtdVI4RUpYNmpIaUxjV3JIZFFHVGt0MmczUzNBX0dFd3ZPQ3ZxZkcwQ1oyUV9kcHpSWEdoUU10LXg40gG0AUFVX3lxTFBPUDREdGFCQ2NERl9DdDJWOW5KYko1bGY4Q0xqYmpIb00wZDhOT0RyX1NlU3FzbTVYbllDdU5nUHFEa3lFWWprU3RVOFVraFg3TVRYY0xja3BvdldzVVRvWVpnSUtWWmJLTTNyZjRNSjBza01EVm0wU1h4ZjFYVE4wd0QyR2JRSURJU0RuT0dCU0djZDdWby1tRXJxN1JWeThwdDcxQVhyVFVSWGpLeWpNejR1Wg?oc=5,-0.2732,0
"Wed, 22 Oct 2025 09:30:00 GMT",Baidu and public transport operator PostBus to launch robotaxis in Switzerland - Yahoo! Tech,https://news.google.com/rss/articles/CBMiowFBVV95cUxQaVdXZG5jSlJqVVFfeFFGVHZCcWVJTUc3YV9EYzM2RmRLN0pPVjFVek5OMjJ6TlQxeVpUckhpdE92UUJfS1B0TWZjcjRzT013eTVJU2RBVGlCcnJBNDVWSmotZTh2eUc2b1J5T213a0Y0bDNXU1U4dDI3aWVhRnFwZmoySVBUd2xqd1JmRFdPeFB4NWFSZ1RGY29ONHlTcmFRTHFZ?oc=5,0.0,0
"Tue, 15 Jul 2025 07:00:00 GMT",Uber partners with China's Baidu to deploy self-driving taxis in global markets - Reuters,https://news.google.com/rss/articles/CBMi3gFBVV95cUxNbmNjUFp1aTl3V2xwN0diNWh2aHNxU0ZTN25sVjR4OW5ReUE3ZENWdlEzUjJweVJmZldBUk1CMHFSRTdyUDBGd1BXRWJSRlJESERKczI4aTFCN0VKVWluOGlHem5yZS1pTlhIVlpVNWd1ZHh2alpfcVE2dXlpc05iYTJ5eFlSdmdxOWFsa2NkR2ZLOUZTeF9XYk1ZZkR3VC1VRDJ0ZG9XXzVndENiN2x2S21ndzU3TVdJZlUtUEJNM01pSTJHVjZ4b3h4NEJjamVPaHdrN0FRMGM4a3F1aXc?oc=5,0.0,0
"Thu, 18 Sep 2025 07:00:00 GMT",Baidu (BIDU) Climbs to Fresh High as 2 Analysts Post Optimistic Ratings - Yahoo Finance,https://news.google.com/rss/articles/CBMif0FVX3lxTE0zZDctdXluaWQ2ZFJiWkRUS0hlajQ4MG5FU2NuRFNvcW1sT3J3MnNiWkU0TlZXU0JyVk10UGd0Z19FSG02VVBKTGFyNDZIRUJGNWNnWXlhU2ZTREdKN1VZSGo0TkdnN2JsdXZFRnlEMVR2RDQwc1dIRHVuWENNWW8?oc=5,0.5574,0
"Sun, 29 Jun 2025 07:00:00 GMT","China's biggest public AI drop since DeepSeek, Baidu's open source Ernie, is about to hit the market - CNBC",https://news.google.com/rss/articles/CBMiogFBVV95cUxPb3lnM3RodnpyOXUxSUhITUZ2bnUzNVlpMHFERUpHS3NBUnM5QU5fMjBDc1FVb04zRHFZbUdZT0NabHA0WHJhc1p4cEpRV3BIZ1lCQVNZQlk1YTlCNjdMT2p6cTVFSFZJZHVndFlXYVJJRl9lVnpSbVVnSjRfTGZDZDlLWUIyUV9lMG5fNGVDelJsVnhkZmhielRiQVlVaVBEVVHSAacBQVVfeXFMTXRMbFR2cmtDTkVwbVBSdGRKWDctWWpHMTllWUd6dzJCcmtrV2ttM01sc3ZnYVZsVDY0S0NpTFV6bHlpZFdtR1VYODV1ZWFnNVAwQy05ckpldkZiVS0yQkRaeE80aWxjZVJRanR5OVl3cHhxWGNrOE5xTXFQV29ReEdSVlR5OFUwMXF6RHlUYzBjNW1OZnZ1WVZjZDhlSnN0Y0FKbzJIUGc?oc=5,-0.2732,0
"Thu, 23 Oct 2025 17:11:59 GMT",Baidu Launches Driverless Robotaxis in Switzerland with PostBus Partnership - parameter.io,https://news.google.com/rss/articles/CBMingFBVV95cUxQQ0ZWLUd5R0xrVTVVbWxERE9xRkVLdHE4ZDdwZjBrd1NuZHhmcnNOWUZZMDM4V1RzRlU3WHZTM0t1UkFyYnFRWk1Gb1RuMlNQRVFrWExkVUludE5Ic3JRRTlvaDFueVl2Y1JzVmZDTF83dkVuX0RTY1FwbUhNblkzNkJSMTBhR3RocjJYTk5SWHhfZmY3NTZVNkJjUmRoZw?oc=5,0.0,0
"Thu, 28 Aug 2025 07:00:00 GMT",Baidu unveils AI computing platform powered by Chinese chips to push a domestic tech stack - Yahoo Finance,https://news.google.com/rss/articles/CBMiiAFBVV95cUxNZmQ3RXE1MjNzclR4eklxUy1wT25hZml0VWY4VTBMSEt5RjdiLVN5Q1BqWF8yV1NXelRSSFhpMll6ZlZCX1B5REFPenhrWmZ3Y2M1dnF6OC1xdTJTSHJRTG93cHVFU3dXRVpFNlRJY2U3UDREdlJObDNKcl9QWWFWSWV6dFRvVW1v?oc=5,0.0,0
"Wed, 14 May 2025 07:00:00 GMT",Baidu's robotaxi unit plans Europe expansion - CNBC,https://news.google.com/rss/articles/CBMihwFBVV95cUxPbE1IT2pNU1ZVTThiVkdTdXJDNnU5Ul9fZlFYVF9LbFNha1VQTXlJNTg5N1dMQzdtY1U2TEp5Z29rQzgtRXFtS0JyczVyUllSd29PQ0JhWGsxTXo1Z2Y1cGhDWGoyUnZoVkdrOXJmRHR5bllHOHVuTFEyWnVJcDdCM0tYMUZ3aW_SAYwBQVVfeXFMTnJ5bnQtYWVXVmV2WXZDUko5aDRSdWdKUEQ1NkR5SGxjdFJsNTRSNDZ5cGZEcnVwck5TdVdMZC1vZEx5T2J1WmxpUEFiQkRDQ1JsaE1kOHh2N3VnWE5hZ3A5c3hGXzh5QmYxRFhwMWpqMHhuVGVBZGJUTVBVUW5PeXNpZ2Ffa1MyM3JLanM?oc=5,0.0,0
"Wed, 02 Jul 2025 07:00:00 GMT","Baidu Overhauls Search Engine With AI Features, Voice Function - Bloomberg.com",https://news.google.com/rss/articles/CBMisAFBVV95cUxQbFFXVGxLcmlVX1NrVGx0Mk5RcGxxOXFQNUU1Wk0wcEY0cmNnOXN2YUxHc3R1YlYteTdPalFhdTZhbkdHaU51TGxjMEZfckpNVWUyN1NQWkY3b0piS0xHVjBodzVqbzJaM3h3TFpXVzlJVGJDeTB4a0F4VkRKLTBZeTZ6MHZXVWpnWVJRNGxPOXVzSWtlUng0NURCNXBQZFlUbTFRZXJhZzF6djMwckcyeA?oc=5,0.0,0
"Tue, 09 Sep 2025 07:00:00 GMT",Baidu Unveils Reasoning Model ERNIE X1.1 with Upgrades in Key Capabilities - PR Newswire,https://news.google.com/rss/articles/CBMiygFBVV95cUxOb3pWSDNPZUpfVmlRM3BuQ0JrRDBGaUN6dHpKdWJHTE43MnJ6emFHLWxEN2FsNE9Mb1lCX1VMbWFOLUV4TTBxbGhxLXloMkotN1JVMHRVLXhCTnhrLXd6WnNIZG1weW9EOTNocndsd0ROTThwVWZ0ZWtUMm5JdmNFa0xVTk1GejZheDlhVHQyZWRjaFYxQ0xYOXRvUTBBY1lwWXk1Y1dQV29wZmdHdTMtdFNHNVVycEdBZ2doX2Nkb1VxZmdlVDVsM3dB?oc=5,0.0,0
"Fri, 12 Sep 2025 07:00:00 GMT","How Baidu (BIDU) Is Positioning Its AI Against OpenAI, Google, and DeepSeek - Yahoo Finance",https://news.google.com/rss/articles/CBMihgFBVV95cUxQWHhnVVhJVkVqNGZva01qVEVMd2c5Q2VWakZDU09GWjB6d1E1aXRNYk1WemRpdW5mT2pvOUtSeW9pZGxlR3ZBcGhUUEZZVHljOVhSeUtJQ05GdHVHLUhKNWFwODJYa19XVjd4X0J3cl9Kb01KNk84X2hxeDQtOUdmUUhJend2Zw?oc=5,0.0,0
"Fri, 25 Apr 2025 07:00:00 GMT","Baidu Launches ERNIE 4.5 Turbo, ERNIE X1 Turbo and New Suite of AI Tools to Empower Developers and Supercharge AI Innovation - PR Newswire",https://news.google.com/rss/articles/CBMiiwJBVV95cUxNZzVYbWFEUHdDTFhWRXZTZlliemJnLWtNcV9JVEE0XzJKbkhmdWJnNV8xNDB2ZTJfcnI3Wk9SWmk2d2IxbUhuVDlqc0VseDQ5QnJBX2s4VnRNY0tmVXE1ZUZwZWJZOVpFdEZVYjRTZWFDM1FmUW9sVlIwRDNWb2lONHp1R3V2MzN4ek5DeHlCSVp2WC1ENkV0SDJubEgzR2hvMDVJbHp0a1R2QWRMWW1WQUh5SHlSTlRERHNVdWZQcHpzQy1XbjMwRmtpVzJnV1Y3SVZpa2hLLWRXdWFoQzVuQVZYLWt1SGhtdzFGeEJWWVA0WDRROVplY2wtX2ZLV3JQaTg2SlIzRld3SVk?oc=5,0.3818,0
"Thu, 23 Oct 2025 02:07:10 GMT",Baidu's Apollo Go Teams Up With PostBus to Launch Autonomous Ride-Hailing Service in Switzerland - MarketScreener,https://news.google.com/rss/articles/CBMi4wFBVV95cUxNQkZGMU1qU05kWWxFbUZtZlFjTldHb3IxNnBGSWJYTUZRVlBEdk5iU3VETWN6U0gwTGIxNGxSSFZhZEJadE1Fc3NSUmd2ck9wM0U2NVFuVmxZOXNaOHYtTUFSZnBONDVxSGlOR3k1cTBUQ1JWSHk5M1lNLXpRLUhfMWFaUWwtYW9wUDhWRTFvYmdWc0VDTmUzRzJQVDFuZnJVSzVDdkxXNzVJbnpBRk9fcTBPNkZ0Y29MTFlkdlVjSHBuYTZ0NUdQYkJFdUxaOUprbm1ycGw1UXRBRHh5TGIxeXJ3OA?oc=5,0.0,0
"Mon, 08 Sep 2025 07:00:00 GMT",Baidu Announces Pricing of CNY4.4 Billion CNY-denominated Senior Notes - Yahoo Finance,https://news.google.com/rss/articles/CBMiggFBVV95cUxOd2dFU1lyQjJ0dEtObnFLRUZkQXRmLUEyZ2M5aGtBUU5Wb1hfS3dJUW45eDVFUVZiYk10dVpub09COFR3dHktdUJCYXc3bDNOOVpuY19Oc0tOZ3dUN3B0em5lOWlxeS1naGE4aTVYSHRTZWFESnBJR2dqRXA0NkJxN05n?oc=5,0.0,0
"Mon, 18 Aug 2025 07:00:00 GMT",Baidu Set to Report Q2 Earnings: What's in Store for the Stock? - Yahoo Finance,https://news.google.com/rss/articles/CBMif0FVX3lxTFBkazZOeDBWdjJjZzVaLTVqTUpLdG8tZGNBTG1LR1dtVmNmdHRGTzh1UGk2dDhWU3N0QkZVQ2tJeXpIMnBKTGFkeTRaTGVGQ1RvV1hURVM1eXhvWHNuSlpBQkxEdEh0RE1SbnBDRHVQdF9TUGxuQjRBSThQOENod3M?oc=5,0.0,0
"Mon, 25 Aug 2025 07:00:00 GMT",Bear of the Day: Baidu (BIDU) - Yahoo Finance,https://news.google.com/rss/articles/CBMic0FVX3lxTE1ZbENEcHdGOWlnd0dqM3BpVzNTZkljSjYzVWtmSU9DTnBTTC1SZlJmbUZEazE4Vk9PWGJidTl2dHFLWnV6VVZwQ3pjR0kwTGFFV0V0WnYtYnpEWHBuTUZaVVpqbWZxYzVISzZBNHl4TXJJLU0?oc=5,0.0,0
"Wed, 22 Oct 2025 08:44:00 GMT","Baidu, PostBus to launch self-riding service in Switzerland - breakingthenews.net",https://news.google.com/rss/articles/CBMipgFBVV95cUxPWGYtSm01QW40QmMtZHNtUjF6M1N1TnVRejlTREZwME1jMFRpY3BKUEFodmlDczJhbHpBRDVYQXI4dzJuNVVSWE9Xbnd0aDdQWk15bG8yd3A1TXI4cEx6aXhEZndvU20wNkQ3aWpBQk0wYmFMOVFOYVZ1a2lRVDlOV1BXQ2hjNjlhU2NOWlYxWjl4UU0zS2JYcHNJZDV4S1QzY1llQjJR?oc=5,0.0,0
"Tue, 13 May 2025 07:00:00 GMT",China’s Baidu Eyes European Debut for Driverless Taxi - WSJ - The Wall Street Journal,https://news.google.com/rss/articles/CBMimANBVV95cUxPQ01nNHdXREJUMnlxVk9HWHRpUGM0bmkwZ2owTGJLaXMwd0oxRlpSZHlnd2diQmczM3UtZVRwd1c2RnVCTmxwdHRhcTlJdU5fQ3d5MzNYQXVFdnUzSV83WkZSNm55Zm1PY0lxaHlpaDhWaVh1bGNzZWtBSERMWVdXVUs0VVNBM2cydXFqVFdBMGxPc1dITG5FeU1IWUtzd0NVOTB2em5sQ1lGR19wVmlodTdobHBaN0VVQnFfY3NjRGlqMGFmZTdKQUtzSlFWcmgzTHh2bnZQWWI2d1UtM1lkbjdyWk0ta2NGbmZUb1A3TkJHakFSd3JzVzBxQWZZUnNuUF82dmxjck5SMG9FYzlnRmJlSHJMTHNQN1RXNTZZREdCVkdGZDJJdDJTdmFIcnFoTWdNa3d0c2tVZzRWaUJsbmN5a09yUUhYR2RkOTJ6bHBQS2Q3ck5obTJ5MVB6WlAwVmw4ckxXME5sQ2t5WEFxX0dzS3NUMFdOVUpKbHF1TUR4Wm9OYm1TRUVLVElabVhyazVWS29jNzY?oc=5,0.0,0
"Wed, 22 Oct 2025 10:46:43 GMT",China's Baidu to launch driverless taxi trials in Switzerland this December - Newswav,https://news.google.com/rss/articles/CBMitwFBVV95cUxQT3hZeDBsd3pCVGxKRFF5ckFzaVd0ekpxeVQ3MERtamlxRVVQVnF3U1NMSmY3dE15bEFrbnU1VGZ3clNlb3Vzd25LLWJxYW0tOG5QN2c4Q2tCaUJ3Q3JFbGJCckdlVnM4VWJ0M2tKTUZVNDFnTnhrc1dCR1hzTnZVNHY5S2l4TEdzTE5yYS1QZHljZ01Uc3R0S3lQTHpVb3k0WU1MM01fUlpIVHhQTWVsQkExdG4xMTQ?oc=5,0.0,0
"Fri, 03 Oct 2025 07:00:00 GMT","Stock Movers: BlackRock, Rivian, Baidu - Bloomberg.com",https://news.google.com/rss/articles/CBMilgFBVV95cUxPT1JPblIwM1JrOEZBQi1Kc3ZmUG1uNllkOGNfLUJVNkdEc3Jwam9mVE8tQWdsMGZEWDBuZF90X21zaW5rR1B3bUVuQl9xc2FfRnNqLVZxYTZkOVU5UVlRcElRb2dyOC1GaGpIeE5HWjFkVjNBck50Z203SzFIQmFiUFRMQWNyVjRrVlNNbXFOU25hVFdKbEE?oc=5,0.0,0
